{
    "alpha_coeffs": {
        "Llama-2 (7B)": {
            "alpha_0": -3.894991,
            "alpha_1": 31.522735,
            "alpha_2": 0.042712
        },
        "Llama-2 (13B)": {
            "alpha_0": -6.794323,
            "alpha_1": 56.008311,
            "alpha_2": 0.072861
        },
        "Llama-2 (70B)": {
            "alpha_0": -12.0294,
            "alpha_1": 414.8197,
            "alpha_2": 0.3145
        }
    },
    "beta_coeffs": {
        "Llama-2 (7B)": {
            "beta_0": -0.010021,
            "beta_1": 0.083515,
            "beta_2": 0.000107
        },
        "Llama-2 (13B)": {
            "beta_0": -0.017357,
            "beta_1": 0.142605,
            "beta_2": 0.000185
        },
        "Llama-2 (70B)": {
            "beta_0": -0.031204,
            "beta_1": 0.703173,
            "beta_2": 0.000533
        }
    },
    "accuracy": {
        "Llama-2 (7B)": 0.5097,
        "Llama-2 (13B)": 0.5569,
        "Llama-2 (70B)": 0.6452
    },
    "gamma_K": {
        "Llama-2 (7B)": 0.05,
        "Llama-2 (13B)": 0.2,
        "Llama-2 (70B)": 0.75
    },
    "min_a100s": {
        "Llama-2 (7B)": 1,
        "Llama-2 (13B)": 1,
        "Llama-2 (70B)": 4
    }
}
